epoch,train_loss,train_acc,val_loss,val_acc,val_f1_macro,val_f1_weighted,gap
1,0.2162,0.9163,0.1894,0.9205,0.9243,0.9201,-0.0042
2,0.1567,0.9374,0.0939,0.9562,0.9555,0.9561,-0.0187
3,0.1137,0.9577,0.0764,0.9659,0.9650,0.9659,-0.0082
4,0.1091,0.9594,0.0867,0.9773,0.9761,0.9771,-0.0179
5,0.0767,0.9752,0.0748,0.9773,0.9764,0.9773,-0.0021
6,0.0900,0.9671,0.0604,0.9773,0.9763,0.9774,-0.0102
7,0.0768,0.9760,0.0705,0.9692,0.9684,0.9693,0.0069
8,0.0766,0.9728,0.0687,0.9773,0.9778,0.9773,-0.0045
9,0.0340,0.9882,0.0514,0.9805,0.9795,0.9805,0.0077
10,0.0493,0.9829,0.0675,0.9773,0.9756,0.9773,0.0057
11,0.0290,0.9890,0.0508,0.9870,0.9859,0.9870,0.0020
12,0.0414,0.9878,0.0738,0.9773,0.9760,0.9773,0.0105
13,0.0355,0.9870,0.0509,0.9854,0.9842,0.9854,0.0016
14,0.0475,0.9837,0.0981,0.9756,0.9754,0.9757,0.0081
15,0.0463,0.9805,0.0981,0.9692,0.9700,0.9692,0.0113
16,0.0297,0.9890,0.0336,0.9854,0.9843,0.9853,0.0036
17,0.0132,0.9959,0.0266,0.9919,0.9916,0.9919,0.0041
18,0.0171,0.9951,0.0472,0.9854,0.9848,0.9854,0.0097
19,0.0134,0.9951,0.0360,0.9935,0.9936,0.9935,0.0016
20,0.0479,0.9866,0.0444,0.9886,0.9880,0.9886,-0.0020
21,0.0123,0.9963,0.0335,0.9854,0.9846,0.9854,0.0110
22,0.0077,0.9984,0.0329,0.9903,0.9892,0.9902,0.0081
23,0.0112,0.9963,0.0383,0.9919,0.9911,0.9919,0.0045
24,0.0087,0.9976,0.0369,0.9903,0.9894,0.9902,0.0073
25,0.0052,0.9992,0.0325,0.9870,0.9865,0.9870,0.0122
